﻿{
	"name": "Trash Fighter",
	"version": "1.0.0.0",
	"description": "A Mario-style Side scroller, where you(as the player) fight trash.",
	"id": "com.trashpeople.trashfight",
	"viewport-width": 854,
	"viewport-height": 480,
	"author": "Trash People",
	"email": "",
	"website": "",
	"orientations": "any",
	"c2version": "265",
	"used-plugins": [
		"Sprite",
		"Text",
		"Touch"
	],
	"used-behaviors": [
		"Anchor",
		"EightDir",
		"NoSave",
		"Platform",
		"bound",
		"scrollto",
		"solid"
	]
}